{"cameraMode":{"drawMode":0,"name":"Shaded","section":"Shading Mode"},"sceneLighting":false,"audioPlay":false,"sceneViewState":{"showFog":true,"showMaterialUpdate":true,"showSkybox":false,"showFlares":true,"showImageEffects":true,"showParticleSystems":true},"in2DMode":false,"pivot":{"x":2.2351741790771486e-8,"y":0.16019344329833985,"z":0.006761305034160614},"rotation":{"x":-0.2298584282398224,"y":-0.5115852355957031,"z":0.14423632621765138,"w":-0.8152620196342468},"size":0.3099662661552429,"orthographic":false}