{"cameraMode":{"drawMode":0,"name":"Shaded","section":"Shading Mode"},"sceneLighting":true,"audioPlay":false,"sceneViewState":{"showFog":true,"showMaterialUpdate":true,"showSkybox":true,"showFlares":true,"showImageEffects":true,"showParticleSystems":true},"in2DMode":false,"pivot":{"x":-0.28895318508148196,"y":-8.113828659057618,"z":4.825729846954346},"rotation":{"x":-0.6164610385894775,"y":-0.08874509483575821,"z":0.07020926475524903,"w":-0.7792149186134338},"size":15.248140335083008,"orthographic":false}