{"cameraMode":{"drawMode":0,"name":"Shaded","section":"Shading Mode"},"sceneLighting":false,"audioPlay":false,"sceneViewState":{"showFog":true,"showMaterialUpdate":true,"showSkybox":false,"showFlares":true,"showImageEffects":true,"showParticleSystems":true},"in2DMode":false,"pivot":{"x":0.27644801139831545,"y":1.0532559156417847,"z":-0.8696171641349793},"rotation":{"x":-0.026659982278943063,"y":-0.6426113843917847,"z":0.022369693964719774,"w":-0.7654165029525757},"size":1.780463695526123,"orthographic":false}