{"cameraMode":{"drawMode":0,"name":"Shaded","section":"Shading Mode"},"sceneLighting":false,"audioPlay":false,"sceneViewState":{"showFog":true,"showMaterialUpdate":true,"showSkybox":false,"showFlares":true,"showImageEffects":true,"showParticleSystems":true},"in2DMode":false,"pivot":{"x":0.9009599685668945,"y":4.836373329162598,"z":-2.6666440963745119},"rotation":{"x":-0.07969318330287934,"y":-0.648532509803772,"z":0.06854310631752014,"w":-0.7539092302322388},"size":6.356192111968994,"orthographic":false}