{"cameraMode":{"drawMode":0,"name":"Shaded","section":"Shading Mode"},"sceneLighting":false,"audioPlay":false,"sceneViewState":{"showFog":true,"showMaterialUpdate":true,"showSkybox":false,"showFlares":true,"showImageEffects":true,"showParticleSystems":true},"in2DMode":false,"pivot":{"x":0.5688738822937012,"y":1.2016973495483399,"z":-0.6079958081245422},"rotation":{"x":-0.16822859644889832,"y":-0.7020355463027954,"z":0.17649738490581513,"w":-0.6691166758537293},"size":3.7190234661102297,"orthographic":false}