{"cameraMode":{"drawMode":0,"name":"Shaded","section":"Shading Mode"},"sceneLighting":false,"audioPlay":false,"sceneViewState":{"showFog":true,"showMaterialUpdate":true,"showSkybox":false,"showFlares":true,"showImageEffects":true,"showParticleSystems":true},"in2DMode":false,"pivot":{"x":-5.972611427307129,"y":8.468938827514649,"z":9.747297286987305},"rotation":{"x":0.17527227103710175,"y":0.7317357659339905,"z":-0.2048823982477188,"w":0.6260099411010742},"size":19.343345642089845,"orthographic":true}