{"cameraMode":{"drawMode":0,"name":"Shaded","section":"Shading Mode"},"sceneLighting":false,"audioPlay":false,"sceneViewState":{"showFog":true,"showMaterialUpdate":true,"showSkybox":false,"showFlares":true,"showImageEffects":true,"showParticleSystems":true},"in2DMode":false,"pivot":{"x":-0.8939999938011169,"y":1.3969999551773072,"z":0.0},"rotation":{"x":0.15596120059490205,"y":0.538101851940155,"z":-0.1020902693271637,"w":0.8220142126083374},"size":12.461819648742676,"orthographic":true}