{"cameraMode":{"drawMode":0,"name":"Shaded","section":"Shading Mode"},"sceneLighting":false,"audioPlay":false,"sceneViewState":{"showFog":true,"showMaterialUpdate":true,"showSkybox":false,"showFlares":true,"showImageEffects":true,"showParticleSystems":true},"in2DMode":false,"pivot":{"x":-0.7428698539733887,"y":2.876138210296631,"z":2.0423073768615724},"rotation":{"x":-0.12009155750274658,"y":0.7522223591804504,"z":-0.1429615020751953,"w":-0.6319161653518677},"size":0.08660249412059784,"orthographic":false}