{"cameraMode":{"drawMode":0,"name":"Shaded","section":"Shading Mode"},"sceneLighting":false,"audioPlay":false,"sceneViewState":{"showFog":true,"showMaterialUpdate":true,"showSkybox":false,"showFlares":true,"showImageEffects":true,"showParticleSystems":true},"in2DMode":false,"pivot":{"x":0.0,"y":1.917698860168457,"z":2.0249998569488527},"rotation":{"x":-0.059278346598148349,"y":-0.6951165795326233,"z":0.05768701434135437,"w":-0.7141387462615967},"size":4.425169944763184,"orthographic":false}