{"cameraMode":{"drawMode":0,"name":"Shaded","section":"Shading Mode"},"sceneLighting":false,"audioPlay":false,"sceneViewState":{"showFog":true,"showMaterialUpdate":true,"showSkybox":false,"showFlares":true,"showImageEffects":true,"showParticleSystems":true},"in2DMode":false,"pivot":{"x":-1.41778564453125,"y":0.8748321533203125,"z":-4.0015869140625},"rotation":{"x":0.09108959138393402,"y":-0.1937975436449051,"z":0.01807611994445324,"w":0.9766411185264587},"size":0.6127833724021912,"orthographic":true}