{"cameraMode":{"drawMode":0,"name":"Shaded","section":"Shading Mode"},"sceneLighting":false,"audioPlay":false,"sceneViewState":{"showFog":true,"showMaterialUpdate":true,"showSkybox":false,"showFlares":true,"showImageEffects":true,"showParticleSystems":true},"in2DMode":false,"pivot":{"x":0.027217864990234376,"y":9.412750244140625,"z":-11.389652252197266},"rotation":{"x":-0.04740913584828377,"y":-0.8235958814620972,"z":0.06959600001573563,"w":-0.560911238193512},"size":14.825665473937989,"orthographic":false}