{"cameraMode":{"drawMode":0,"name":"Shaded","section":"Shading Mode"},"sceneLighting":false,"audioPlay":false,"sceneViewState":{"showFog":true,"showMaterialUpdate":true,"showSkybox":false,"showFlares":true,"showImageEffects":true,"showParticleSystems":true},"in2DMode":false,"pivot":{"x":-6.5126953125,"y":2.79931640625,"z":-2.0584716796875},"rotation":{"x":0.0841589942574501,"y":0.6786331534385681,"z":-0.07872938364744187,"w":0.7253851294517517},"size":2.501816987991333,"orthographic":true}