{"cameraMode":{"drawMode":0,"name":"Shaded","section":"Shading Mode"},"sceneLighting":false,"audioPlay":false,"sceneViewState":{"showFog":true,"showMaterialUpdate":true,"showSkybox":false,"showFlares":true,"showImageEffects":true,"showParticleSystems":true},"in2DMode":false,"pivot":{"x":1.0027084350585938,"y":2.718773126602173,"z":-2.247490882873535},"rotation":{"x":-0.059278346598148349,"y":-0.6951165795326233,"z":0.05768701434135437,"w":-0.7141387462615967},"size":5.203864097595215,"orthographic":false}