{"cameraMode":{"drawMode":0,"name":"Shaded","section":"Shading Mode"},"sceneLighting":false,"audioPlay":false,"sceneViewState":{"showFog":true,"showMaterialUpdate":true,"showSkybox":false,"showFlares":true,"showImageEffects":true,"showParticleSystems":true},"in2DMode":false,"pivot":{"x":-5.960464477539063e-8,"y":1.8919336795806885,"z":2.9878363609313967},"rotation":{"x":-0.030143089592456819,"y":0.967095673084259,"z":-0.1375771015882492,"w":-0.21189738810062409},"size":1.2017300128936768,"orthographic":false}