{"cameraMode":{"drawMode":0,"name":"Shaded","section":"Shading Mode"},"sceneLighting":false,"audioPlay":false,"sceneViewState":{"showFog":true,"showMaterialUpdate":true,"showSkybox":false,"showFlares":true,"showImageEffects":true,"showParticleSystems":true},"in2DMode":false,"pivot":{"x":-0.8311525583267212,"y":0.0413089394569397,"z":-0.135361909866333},"rotation":{"x":0.002712010405957699,"y":-0.9894742965698242,"z":0.14347738027572633,"w":0.01871071383357048},"size":1.2000173330307007,"orthographic":false}