{"cameraMode":{"drawMode":0,"name":"Shaded","section":"Shading Mode"},"sceneLighting":false,"audioPlay":false,"sceneViewState":{"showFog":true,"showMaterialUpdate":true,"showSkybox":false,"showFlares":true,"showImageEffects":true,"showParticleSystems":true},"in2DMode":false,"pivot":{"x":-1.3699536323547364,"y":0.8703094720840454,"z":0.02017354965209961},"rotation":{"x":-0.1282278299331665,"y":-0.8692514300346375,"z":0.37141671776771548,"w":-0.30006229877471926},"size":1.1165273189544678,"orthographic":false}