{"cameraMode":{"drawMode":0,"name":"Shaded","section":"Shading Mode"},"sceneLighting":false,"audioPlay":false,"sceneViewState":{"showFog":true,"showMaterialUpdate":true,"showSkybox":false,"showFlares":true,"showImageEffects":true,"showParticleSystems":true},"in2DMode":false,"pivot":{"x":0.0,"y":2.0999999046325685,"z":1.4901161193847657e-8},"rotation":{"x":-0.04740913584828377,"y":-0.8235958814620972,"z":0.06959600001573563,"w":-0.560911238193512},"size":0.10000002384185791,"orthographic":false}