{"cameraMode":{"drawMode":0,"name":"Shaded","section":"Shading Mode"},"sceneLighting":false,"audioPlay":false,"sceneViewState":{"showFog":true,"showMaterialUpdate":true,"showSkybox":false,"showFlares":true,"showImageEffects":true,"showParticleSystems":true},"in2DMode":false,"pivot":{"x":-0.0387192964553833,"y":0.3741353154182434,"z":3.3119828701019289},"rotation":{"x":-0.06547320634126663,"y":0.9308004379272461,"z":-0.2074710726737976,"w":-0.2937524616718292},"size":1.1343622207641602,"orthographic":false}