{"cameraMode":{"drawMode":0,"name":"Shaded","section":"Shading Mode"},"sceneLighting":true,"audioPlay":false,"sceneViewState":{"showFog":true,"showMaterialUpdate":true,"showSkybox":true,"showFlares":true,"showImageEffects":true,"showParticleSystems":true},"in2DMode":false,"pivot":{"x":0.1616523265838623,"y":0.35442638397216799,"z":-4.738384246826172},"rotation":{"x":0.09733419865369797,"y":0.6760250926017761,"z":-0.09079088270664215,"w":0.7247740626335144},"size":0.8660253882408142,"orthographic":true}