{"cameraMode":{"drawMode":0,"name":"Shaded","section":"Shading Mode"},"sceneLighting":false,"audioPlay":false,"sceneViewState":{"showFog":true,"showMaterialUpdate":true,"showSkybox":false,"showFlares":true,"showImageEffects":true,"showParticleSystems":true},"in2DMode":false,"pivot":{"x":0.0,"y":0.3000001907348633,"z":0.9000000953674316},"rotation":{"x":-0.16822859644889832,"y":-0.7020355463027954,"z":0.17649738490581513,"w":-0.6691166758537293},"size":8.487049102783204,"orthographic":false}